<?xml version="1.0"?><Report><ReportQuery><Format><ReportTitle>Generate The Tutorial Tables</ReportTitle><ReportDescription>This screen generates the tables and data required to run the Reportico Northwind Tutorials. 
&lt;p&gt;
Running this process creates and populates 8 tables in your database - &lt;br&gt;
&lt;b&gt;northwind_categories&lt;/b&gt;&lt;br&gt;
&lt;b&gt;northwind_customers&lt;/b&gt;&lt;br&gt;
&lt;b&gt;northwind_employees&lt;/b&gt;&lt;br&gt;
&lt;b&gt;northwind_order_details&lt;/b&gt;&lt;br&gt;
&lt;b&gt;northwind_orders&lt;/b&gt;&lt;br&gt;
&lt;b&gt;northwind_products&lt;/b&gt;&lt;br&gt;
&lt;b&gt;northwind_shippers&lt;/b&gt;&lt;br&gt;
&lt;b&gt;northwind_suppliers&lt;/b&gt;&lt;br&gt;
&lt;br&gt;
No database or tables are removed.
&lt;p&gt;
Note that some date related data is generated. If you wish to run these tutorials again in the future it is a good idea rerun this to bring the data up to date. 
&lt;p&gt;
</ReportDescription><PageSize>A4</PageSize><PageOrientation>Portrait</PageOrientation><TopMargin></TopMargin><BottomMargin></BottomMargin><RightMargin></RightMargin><LeftMargin></LeftMargin><pdfFont></pdfFont><pdfFontSize></pdfFontSize><PreExecuteCode>NONE</PreExecuteCode><formBetweenRows>solidline</formBetweenRows><gridDisplay>.DEFAULT</gridDisplay><gridSortable>.DEFAULT</gridSortable><gridSearchable>.DEFAULT</gridSearchable><gridPageable>.DEFAULT</gridPageable><gridPageSize>.DEFAULT</gridPageSize></Format><Datasource><SourceType>database</SourceType><SourceConnection><DatabaseType>mysql</DatabaseType><DatabaseName></DatabaseName><HostName></HostName><ServiceName></ServiceName><UserName></UserName><Password></Password></SourceConnection></Datasource><EntryForm><Query><TableSql></TableSql><WhereSql></WhereSql><GroupSql></GroupSql><RowSelection>all</RowSelection><SQL><QuerySql></QuerySql><SQLRaw>SELECT CustomerId, CompanyName, ContactName
FROM northwind_customers
WHERE 1 = 1        </SQLRaw></SQL><QueryColumns><QueryColumn><Name>CustomerId</Name><TableName></TableName><ColumnName>CustomerId</ColumnName><ColumnType>char</ColumnType><ColumnLength>30</ColumnLength><Format><column_display>show</column_display><content_type>plain</content_type><ColumnStartPDF></ColumnStartPDF><justify>left</justify><ColumnWidthPDF></ColumnWidthPDF><ColumnWidthHTML></ColumnWidthHTML><column_title></column_title><tooltip></tooltip><group_header_label>0</group_header_label><group_header_label_xpos></group_header_label_xpos><group_header_data_xpos></group_header_data_xpos><group_trailer_label>0</group_trailer_label></Format></QueryColumn><QueryColumn><Name>CompanyName</Name><TableName></TableName><ColumnName>CompanyName</ColumnName><ColumnType>char</ColumnType><ColumnLength>30</ColumnLength><Format><column_display>show</column_display><content_type>plain</content_type><ColumnStartPDF></ColumnStartPDF><justify>left</justify><ColumnWidthPDF></ColumnWidthPDF><ColumnWidthHTML></ColumnWidthHTML><column_title></column_title><tooltip></tooltip><group_header_label>0</group_header_label><group_header_label_xpos></group_header_label_xpos><group_header_data_xpos></group_header_data_xpos><group_trailer_label>0</group_trailer_label></Format></QueryColumn><QueryColumn><Name>ContactName</Name><TableName></TableName><ColumnName>ContactName</ColumnName><ColumnType>char</ColumnType><ColumnLength>30</ColumnLength><Format><column_display>show</column_display><content_type>plain</content_type><ColumnStartPDF></ColumnStartPDF><justify>left</justify><ColumnWidthPDF></ColumnWidthPDF><ColumnWidthHTML></ColumnWidthHTML><column_title></column_title><tooltip></tooltip><group_header_label>0</group_header_label><group_header_label_xpos></group_header_label_xpos><group_header_data_xpos></group_header_data_xpos><group_trailer_label>0</group_trailer_label></Format></QueryColumn></QueryColumns><OrderColumns></OrderColumns><PreSQLS></PreSQLS></Query><Assignments></Assignments><Criteria></Criteria><Output><PageHeaders></PageHeaders><PageFooters></PageFooters><DisplayOrders><DisplayOrder><ColumnName>CustomerId</ColumnName><OrderNumber>1</OrderNumber></DisplayOrder><DisplayOrder><ColumnName>CompanyName</ColumnName><OrderNumber>2</OrderNumber></DisplayOrder><DisplayOrder><ColumnName>ContactName</ColumnName><OrderNumber>3</OrderNumber></DisplayOrder></DisplayOrders><Groups></Groups><Graphs></Graphs></Output></EntryForm></ReportQuery></Report>
