<?xml version="1.0"?><Report><ReportQuery><Format><ReportTitle>Orders</ReportTitle><ReportDescription>Sales Orders.
&lt;br&gt;&lt;br&gt;
This system prints sales orders to be sent to customers. In order to get a printable &quot;invoice&quot; style report, use the PDF buttton. </ReportDescription><PageSize>.DEFAULT</PageSize><PageOrientation>Portrait</PageOrientation><TopMargin></TopMargin><BottomMargin></BottomMargin><RightMargin></RightMargin><LeftMargin></LeftMargin><AutoPaginate>.DEFAULT</AutoPaginate><PdfZoomFactor></PdfZoomFactor><HtmlZoomFactor></HtmlZoomFactor><PageTitleDisplay>.DEFAULT</PageTitleDisplay><PageLayout>.DEFAULT</PageLayout><pdfFont>freesans</pdfFont><pdfFontSize></pdfFontSize><PreExecuteCode>NONE</PreExecuteCode><formBetweenRows>solidline</formBetweenRows><gridDisplay>.DEFAULT</gridDisplay><gridSortable>.DEFAULT</gridSortable><gridSearchable>.DEFAULT</gridSearchable><gridPageable>.DEFAULT</gridPageable><gridPageSize>.DEFAULT</gridPageSize></Format><Datasource><SourceType>database</SourceType><SourceConnection><DatabaseType>mysql</DatabaseType><DatabaseName></DatabaseName><HostName></HostName><ServiceName></ServiceName><UserName></UserName><Password></Password></SourceConnection></Datasource><EntryForm><Query><TableSql></TableSql><WhereSql></WhereSql><GroupSql></GroupSql><RowSelection>all</RowSelection><SQL><QuerySql></QuerySql><SQLRaw>SELECT 
northwind_customers.CustomerID id,
CompanyName company,
ContactName contact, 
ContactTitle title, 
northwind_customers.Address,
northwind_customers.City,
northwind_customers.Region,
northwind_customers.PostalCode postal_code,
northwind_customers.Country country,
northwind_orders.orderid order_id,
orderdate order_date,
northwind_order_details.unitprice price,
quantity,
discount,
productname

FROM  
northwind_customers
join northwind_orders on northwind_customers.customerid = northwind_orders.customerid
join northwind_employees on northwind_orders.employeeid = northwind_employees.employeeid
join northwind_order_details on northwind_orders.orderid = northwind_order_details.orderid
join northwind_products on northwind_order_details.productid = northwind_products.productid
WHERE 1 = 1  
[ AND northwind_customers.customerid in ( {customer} ) ]
[ AND northwind_customers.country in ( {country} ) ]
[ AND  DATE(orderdate)  {daterange} ]
order by northwind_customers.customerid, northwind_orders.orderid</SQLRaw></SQL><QueryColumns><QueryColumn><Name>id</Name><TableName>northwind_customers</TableName><ColumnName>CustomerID</ColumnName><ColumnType>char</ColumnType><ColumnLength>30</ColumnLength><Format><column_display>hide</column_display><content_type>plain</content_type><ColumnStartPDF></ColumnStartPDF><justify>left</justify><ColumnWidthPDF></ColumnWidthPDF><ColumnWidthHTML></ColumnWidthHTML><column_title></column_title><tooltip></tooltip><group_header_label>0</group_header_label><group_header_label_xpos></group_header_label_xpos><group_header_data_xpos></group_header_data_xpos><group_trailer_label>0</group_trailer_label></Format></QueryColumn><QueryColumn><Name>company</Name><TableName></TableName><ColumnName>CompanyName</ColumnName><ColumnType>char</ColumnType><ColumnLength>30</ColumnLength><Format><column_display>hide</column_display><content_type>plain</content_type><ColumnStartPDF></ColumnStartPDF><justify>left</justify><ColumnWidthPDF></ColumnWidthPDF><ColumnWidthHTML></ColumnWidthHTML><column_title></column_title><tooltip></tooltip><group_header_label>0</group_header_label><group_header_label_xpos></group_header_label_xpos><group_header_data_xpos></group_header_data_xpos><group_trailer_label>0</group_trailer_label></Format></QueryColumn><QueryColumn><Name>contact</Name><TableName></TableName><ColumnName>ContactName</ColumnName><ColumnType>char</ColumnType><ColumnLength>30</ColumnLength><Format><column_display>hide</column_display><content_type>plain</content_type><ColumnStartPDF></ColumnStartPDF><justify>left</justify><ColumnWidthPDF></ColumnWidthPDF><ColumnWidthHTML></ColumnWidthHTML><column_title></column_title><tooltip></tooltip><group_header_label>0</group_header_label><group_header_label_xpos></group_header_label_xpos><group_header_data_xpos></group_header_data_xpos><group_trailer_label>0</group_trailer_label></Format></QueryColumn><QueryColumn><Name>title</Name><TableName></TableName><ColumnName>ContactTitle</ColumnName><ColumnType>char</ColumnType><ColumnLength>30</ColumnLength><Format><column_display>hide</column_display><content_type>plain</content_type><ColumnStartPDF></ColumnStartPDF><justify>left</justify><ColumnWidthPDF></ColumnWidthPDF><ColumnWidthHTML></ColumnWidthHTML><column_title></column_title><tooltip></tooltip><group_header_label>0</group_header_label><group_header_label_xpos></group_header_label_xpos><group_header_data_xpos></group_header_data_xpos><group_trailer_label>0</group_trailer_label></Format></QueryColumn><QueryColumn><Name>Address</Name><TableName>northwind_customers</TableName><ColumnName>Address</ColumnName><ColumnType>char</ColumnType><ColumnLength>30</ColumnLength><Format><column_display>hide</column_display><content_type>plain</content_type><ColumnStartPDF></ColumnStartPDF><justify>left</justify><ColumnWidthPDF></ColumnWidthPDF><ColumnWidthHTML></ColumnWidthHTML><column_title></column_title><tooltip></tooltip><group_header_label>0</group_header_label><group_header_label_xpos></group_header_label_xpos><group_header_data_xpos></group_header_data_xpos><group_trailer_label>0</group_trailer_label></Format></QueryColumn><QueryColumn><Name>City</Name><TableName>northwind_customers</TableName><ColumnName>City</ColumnName><ColumnType>char</ColumnType><ColumnLength>30</ColumnLength><Format><column_display>hide</column_display><content_type>plain</content_type><ColumnStartPDF></ColumnStartPDF><justify>left</justify><ColumnWidthPDF></ColumnWidthPDF><ColumnWidthHTML></ColumnWidthHTML><column_title></column_title><tooltip></tooltip><group_header_label>0</group_header_label><group_header_label_xpos></group_header_label_xpos><group_header_data_xpos></group_header_data_xpos><group_trailer_label>0</group_trailer_label></Format></QueryColumn><QueryColumn><Name>Region</Name><TableName>northwind_customers</TableName><ColumnName>Region</ColumnName><ColumnType>char</ColumnType><ColumnLength>30</ColumnLength><Format><column_display>hide</column_display><content_type>plain</content_type><ColumnStartPDF></ColumnStartPDF><justify>left</justify><ColumnWidthPDF></ColumnWidthPDF><ColumnWidthHTML></ColumnWidthHTML><column_title></column_title><tooltip></tooltip><group_header_label>0</group_header_label><group_header_label_xpos></group_header_label_xpos><group_header_data_xpos></group_header_data_xpos><group_trailer_label>0</group_trailer_label></Format></QueryColumn><QueryColumn><Name>postal_code</Name><TableName>northwind_customers</TableName><ColumnName>PostalCode</ColumnName><ColumnType>char</ColumnType><ColumnLength>30</ColumnLength><Format><column_display>hide</column_display><content_type>plain</content_type><ColumnStartPDF></ColumnStartPDF><justify>left</justify><ColumnWidthPDF></ColumnWidthPDF><ColumnWidthHTML></ColumnWidthHTML><column_title></column_title><tooltip></tooltip><group_header_label>0</group_header_label><group_header_label_xpos></group_header_label_xpos><group_header_data_xpos></group_header_data_xpos><group_trailer_label>0</group_trailer_label></Format></QueryColumn><QueryColumn><Name>country</Name><TableName>northwind_customers</TableName><ColumnName>Country</ColumnName><ColumnType>char</ColumnType><ColumnLength>30</ColumnLength><Format><column_display>hide</column_display><content_type>plain</content_type><ColumnStartPDF></ColumnStartPDF><justify>left</justify><ColumnWidthPDF></ColumnWidthPDF><ColumnWidthHTML></ColumnWidthHTML><column_title></column_title><tooltip></tooltip><group_header_label>0</group_header_label><group_header_label_xpos></group_header_label_xpos><group_header_data_xpos></group_header_data_xpos><group_trailer_label>0</group_trailer_label></Format></QueryColumn><QueryColumn><Name>order_id</Name><TableName>northwind_orders</TableName><ColumnName>orderid</ColumnName><ColumnType>char</ColumnType><ColumnLength>30</ColumnLength><Format><column_display>hide</column_display><content_type>plain</content_type><ColumnStartPDF></ColumnStartPDF><justify>left</justify><ColumnWidthPDF></ColumnWidthPDF><ColumnWidthHTML></ColumnWidthHTML><column_title></column_title><tooltip></tooltip><group_header_label>0</group_header_label><group_header_label_xpos></group_header_label_xpos><group_header_data_xpos></group_header_data_xpos><group_trailer_label>0</group_trailer_label></Format></QueryColumn><QueryColumn><Name>order_date</Name><TableName></TableName><ColumnName>orderdate</ColumnName><ColumnType>char</ColumnType><ColumnLength>30</ColumnLength><Format><column_display>hide</column_display><content_type>plain</content_type><ColumnStartPDF></ColumnStartPDF><justify>left</justify><ColumnWidthPDF></ColumnWidthPDF><ColumnWidthHTML></ColumnWidthHTML><column_title></column_title><tooltip></tooltip><group_header_label>0</group_header_label><group_header_label_xpos></group_header_label_xpos><group_header_data_xpos></group_header_data_xpos><group_trailer_label>0</group_trailer_label></Format></QueryColumn><QueryColumn><Name>price</Name><TableName>northwind_order_details</TableName><ColumnName>unitprice</ColumnName><ColumnType>char</ColumnType><ColumnLength>30</ColumnLength><Format><column_display>show</column_display><content_type>plain</content_type><ColumnStartPDF></ColumnStartPDF><justify>left</justify><ColumnWidthPDF></ColumnWidthPDF><ColumnWidthHTML></ColumnWidthHTML><column_title></column_title><tooltip></tooltip><group_header_label>0</group_header_label><group_header_label_xpos></group_header_label_xpos><group_header_data_xpos></group_header_data_xpos><group_trailer_label>0</group_trailer_label></Format></QueryColumn><QueryColumn><Name>full_address</Name><TableName></TableName><ColumnName></ColumnName><ColumnType></ColumnType><ColumnLength></ColumnLength><Format><column_display>hide</column_display><content_type>plain</content_type><ColumnStartPDF></ColumnStartPDF><justify>left</justify><ColumnWidthPDF></ColumnWidthPDF><ColumnWidthHTML></ColumnWidthHTML><column_title></column_title><tooltip></tooltip><group_header_label>0</group_header_label><group_header_label_xpos></group_header_label_xpos><group_header_data_xpos></group_header_data_xpos><group_trailer_label>0</group_trailer_label></Format></QueryColumn><QueryColumn><Name>quantity</Name><TableName></TableName><ColumnName>quantity</ColumnName><ColumnType>char</ColumnType><ColumnLength>30</ColumnLength><Format><column_display>show</column_display><content_type>plain</content_type><ColumnStartPDF></ColumnStartPDF><justify>left</justify><ColumnWidthPDF></ColumnWidthPDF><ColumnWidthHTML></ColumnWidthHTML><column_title></column_title><tooltip></tooltip><group_header_label>0</group_header_label><group_header_label_xpos></group_header_label_xpos><group_header_data_xpos></group_header_data_xpos><group_trailer_label>0</group_trailer_label></Format></QueryColumn><QueryColumn><Name>discount</Name><TableName></TableName><ColumnName>discount</ColumnName><ColumnType>char</ColumnType><ColumnLength>30</ColumnLength><Format><column_display>show</column_display><content_type>plain</content_type><ColumnStartPDF></ColumnStartPDF><justify>left</justify><ColumnWidthPDF></ColumnWidthPDF><ColumnWidthHTML></ColumnWidthHTML><column_title></column_title><tooltip></tooltip><group_header_label>0</group_header_label><group_header_label_xpos></group_header_label_xpos><group_header_data_xpos></group_header_data_xpos><group_trailer_label>0</group_trailer_label></Format></QueryColumn><QueryColumn><Name>productname</Name><TableName></TableName><ColumnName>productname</ColumnName><ColumnType>char</ColumnType><ColumnLength>30</ColumnLength><Format><column_display>show</column_display><content_type>plain</content_type><ColumnStartPDF></ColumnStartPDF><justify>left</justify><ColumnWidthPDF></ColumnWidthPDF><ColumnWidthHTML></ColumnWidthHTML><column_title>Product</column_title><tooltip></tooltip><group_header_label>0</group_header_label><group_header_label_xpos></group_header_label_xpos><group_header_data_xpos></group_header_data_xpos><group_trailer_label>0</group_trailer_label></Format></QueryColumn><QueryColumn><Name>linevalue</Name><TableName></TableName><ColumnName></ColumnName><ColumnType></ColumnType><ColumnLength></ColumnLength><Format><column_display>show</column_display><content_type>plain</content_type><ColumnStartPDF></ColumnStartPDF><justify>right</justify><ColumnWidthPDF></ColumnWidthPDF><ColumnWidthHTML></ColumnWidthHTML><column_title>Value</column_title><tooltip></tooltip><group_header_label>0</group_header_label><group_header_label_xpos></group_header_label_xpos><group_header_data_xpos></group_header_data_xpos><group_trailer_label>0</group_trailer_label></Format></QueryColumn><QueryColumn><Name>linediscount</Name><TableName></TableName><ColumnName></ColumnName><ColumnType></ColumnType><ColumnLength></ColumnLength><Format><column_display>hide</column_display><content_type>plain</content_type><ColumnStartPDF></ColumnStartPDF><justify>left</justify><ColumnWidthPDF></ColumnWidthPDF><ColumnWidthHTML></ColumnWidthHTML><column_title></column_title><tooltip></tooltip><group_header_label>0</group_header_label><group_header_label_xpos></group_header_label_xpos><group_header_data_xpos></group_header_data_xpos><group_trailer_label>0</group_trailer_label></Format></QueryColumn><QueryColumn><Name>ordervalue</Name><TableName></TableName><ColumnName></ColumnName><ColumnType></ColumnType><ColumnLength></ColumnLength><Format><column_display>hide</column_display><content_type>plain</content_type><ColumnStartPDF></ColumnStartPDF><justify>right</justify><ColumnWidthPDF></ColumnWidthPDF><ColumnWidthHTML></ColumnWidthHTML><column_title></column_title><tooltip></tooltip><group_header_label>0</group_header_label><group_header_label_xpos></group_header_label_xpos><group_header_data_xpos></group_header_data_xpos><group_trailer_label>BLANK</group_trailer_label></Format></QueryColumn></QueryColumns><OrderColumns></OrderColumns><PreSQLS></PreSQLS></Query><Assignments><Assignment><AssignName>full_address</AssignName><AssignNameNew></AssignNameNew><Expression>{contact}.&quot;&lt;BR&gt;&quot;.{title}.&quot;&lt;BR&gt;&quot;.{company}.&quot;&lt;BR&gt;&quot;.{Address}.&quot;&lt;BR&gt;&quot;.{City}.&quot;&lt;BR&gt;&quot;.{Region}.&quot; &quot;.{postal_code}.&quot;&lt;BR&gt;&quot;.{country}</Expression><Condition></Condition></Assignment><Assignment><AssignName>order_date</AssignName><AssignNameNew></AssignNameNew><Expression>substr({order_date},0,10)</Expression><Condition></Condition></Assignment><Assignment><AssignName>linevalue</AssignName><AssignNameNew></AssignNameNew><Expression>{price} * {quantity}</Expression><Condition></Condition></Assignment><Assignment><AssignName>linediscount</AssignName><AssignNameNew></AssignNameNew><Expression>{discount} * {quantity}</Expression><Condition></Condition></Assignment><Assignment><AssignName>linevalue</AssignName><AssignNameNew></AssignNameNew><Expression>({linevalue} - {linediscount})</Expression><Condition></Condition></Assignment><Assignment><AssignName>ordervalue</AssignName><AssignNameNew></AssignNameNew><Expression>sum({linevalue},{order_id})</Expression><Condition></Condition></Assignment><Assignment><AssignName>ordervalue</AssignName><AssignNameNew></AssignNameNew><Expression>&quot;$&quot;.number_format({ordervalue},2)</Expression><Condition></Condition></Assignment><Assignment><AssignName>linevalue</AssignName><AssignNameNew></AssignNameNew><Expression>&quot;$&quot;. number_format({linevalue}, 2)</Expression><Condition></Condition></Assignment></Assignments><Criteria><CriteriaItem><Name>country</Name><Title>Country</Title><QueryTableName></QueryTableName><QueryColumnName></QueryColumnName><CriteriaType>LOOKUP</CriteriaType><CriteriaHelp>Use the search button to choose from a list of countries or enter one or more countries separated by commas.Note that this criteria is set as 'Required'. This means that the report will not run unless you specify a value here. Try blanking the field and running the report.. it will complain about the missing country criteria.</CriteriaHelp><CriteriaDisplay>TEXTFIELD</CriteriaDisplay><ExpandDisplay>MULTI</ExpandDisplay><CriteriaRequired>yes</CriteriaRequired><CriteriaHidden>.DEFAULT</CriteriaHidden><CriteriaDisplayGroup></CriteriaDisplayGroup><ReturnColumn>Country</ReturnColumn><DisplayColumn>Country</DisplayColumn><OverviewColumn>Country</OverviewColumn><MatchColumn>Country</MatchColumn><CriteriaDefaults>UK</CriteriaDefaults><CriteriaList></CriteriaList><Query><TableSql></TableSql><WhereSql></WhereSql><GroupSql></GroupSql><RowSelection></RowSelection><SQLRaw>SELECT DISTINCT Country
FROM  northwind_suppliers
WHERE 1 = 1  </SQLRaw><SQL><QuerySql></QuerySql></SQL><QueryColumns><QueryColumn><Name>Country</Name><TableName></TableName><ColumnName>DISTINCT</ColumnName><ColumnType>char</ColumnType><ColumnLength>30</ColumnLength><Format><column_display>show</column_display><content_type>plain</content_type><justify>left</justify></Format></QueryColumn></QueryColumns><OrderColumns></OrderColumns><Assignments></Assignments></Query><CriteriaLinks></CriteriaLinks></CriteriaItem><CriteriaItem><Name>customer</Name><Title>Customer</Title><QueryTableName></QueryTableName><QueryColumnName></QueryColumnName><CriteriaType>LOOKUP</CriteriaType><CriteriaHelp>Use the search button to find some customers to report on. Note that only  customers from the selected country will be displayed.</CriteriaHelp><CriteriaDisplay>NOINPUT</CriteriaDisplay><ExpandDisplay>MULTI</ExpandDisplay><CriteriaRequired>.DEFAULT</CriteriaRequired><CriteriaHidden>.DEFAULT</CriteriaHidden><CriteriaDisplayGroup></CriteriaDisplayGroup><ReturnColumn>customerid</ReturnColumn><DisplayColumn>companyname</DisplayColumn><OverviewColumn>companyname</OverviewColumn><MatchColumn>companyname</MatchColumn><CriteriaDefaults></CriteriaDefaults><CriteriaList></CriteriaList><Query><TableSql></TableSql><WhereSql></WhereSql><GroupSql></GroupSql><RowSelection></RowSelection><SQLRaw>SELECT customerid, companyname
FROM  northwind_customers
WHERE 1 = 1  
[ AND country in ( {country} ) ]</SQLRaw><SQL><QuerySql></QuerySql></SQL><QueryColumns><QueryColumn><Name>companyname</Name><TableName></TableName><ColumnName>companyname</ColumnName><ColumnType>char</ColumnType><ColumnLength>30</ColumnLength><Format><column_display>show</column_display><content_type>plain</content_type><justify>left</justify></Format></QueryColumn><QueryColumn><Name>customerid</Name><TableName></TableName><ColumnName>customerid</ColumnName><ColumnType>char</ColumnType><ColumnLength>30</ColumnLength><Format><column_display>show</column_display><content_type>plain</content_type><justify>left</justify></Format></QueryColumn></QueryColumns><OrderColumns></OrderColumns><Assignments></Assignments></Query><CriteriaLinks></CriteriaLinks></CriteriaItem><CriteriaItem><Name>daterange</Name><Title>Order Date</Title><QueryTableName></QueryTableName><QueryColumnName></QueryColumnName><CriteriaType>DATERANGE</CriteriaType><CriteriaHelp>Select a date range to report on. Only orders in the selected range will be returned.</CriteriaHelp><CriteriaDisplay>NOINPUT</CriteriaDisplay><ExpandDisplay>NOINPUT</ExpandDisplay><CriteriaRequired>.DEFAULT</CriteriaRequired><CriteriaHidden>.DEFAULT</CriteriaHidden><CriteriaDisplayGroup></CriteriaDisplayGroup><ReturnColumn></ReturnColumn><DisplayColumn></DisplayColumn><OverviewColumn></OverviewColumn><MatchColumn></MatchColumn><CriteriaDefaults>FIRSTOFLASTMONTH-TODAY</CriteriaDefaults><CriteriaList></CriteriaList><Query><TableSql></TableSql><WhereSql></WhereSql><GroupSql></GroupSql><RowSelection></RowSelection><SQLRaw></SQLRaw><SQL><QuerySql></QuerySql></SQL><QueryColumns></QueryColumns><OrderColumns></OrderColumns><Assignments></Assignments></Query><CriteriaLinks></CriteriaLinks></CriteriaItem></Criteria><Output><PageHeaders><PageHeader><LineNumber>1</LineNumber><HeaderText>{full_address}{STYLE font-family:helvetica;margin: 32mm 0 0 0}</HeaderText><Format><ColumnStartPDF></ColumnStartPDF><justify>left</justify><ColumnWidthPDF></ColumnWidthPDF><ShowInPDF>yes</ShowInPDF><ShowInHTML>yes</ShowInHTML></Format></PageHeader><PageHeader><LineNumber>1</LineNumber><HeaderText>Northwind Suppliers&lt;br&gt;1 Northwind Road&lt;BR&gt;Somewhere&lt;BR&gt;&lt;BR&gt;AA1 BB2{STYLE margin:4cm 0 1cm 70%;}</HeaderText><Format><ColumnStartPDF></ColumnStartPDF><justify>left</justify><ColumnWidthPDF></ColumnWidthPDF><ShowInPDF>yes</ShowInPDF><ShowInHTML>yes</ShowInHTML></Format></PageHeader><PageHeader><LineNumber>1</LineNumber><HeaderText>{STYLE height:2cm;background-image:assets/images/reportico100.png;margin:5mm 0 0 80%;}</HeaderText><Format><ColumnStartPDF></ColumnStartPDF><justify>left</justify><ColumnWidthPDF></ColumnWidthPDF><ShowInPDF>yes</ShowInPDF><ShowInHTML>yes</ShowInHTML></Format></PageHeader><PageHeader><LineNumber>1</LineNumber><HeaderText>Sales Order{STYLE color: #0000dd;font-size:18pt;heightautom;border-style:solid;border-width:1 0 1 0;border-color:#000000;padding:5px 20px 5px 20px;margin:50px 0px 0px 0px}</HeaderText><Format><ColumnStartPDF></ColumnStartPDF><justify>center</justify><ColumnWidthPDF></ColumnWidthPDF><ShowInPDF>yes</ShowInPDF><ShowInHTML>yes</ShowInHTML></Format></PageHeader><PageHeader><LineNumber>1</LineNumber><HeaderText>{NOMORE}</HeaderText><Format><ColumnStartPDF></ColumnStartPDF><justify>center</justify><ColumnWidthPDF></ColumnWidthPDF><ShowInPDF>yes</ShowInPDF><ShowInHTML>no</ShowInHTML></Format></PageHeader></PageHeaders><PageFooters><PageFooter><LineNumber>1</LineNumber><FooterText>Time: date('Y-m-d H:i:s'){STYLE font-size: 10; text-align: right; font-style: italic;}</FooterText><Format><ColumnStartPDF></ColumnStartPDF><justify>center</justify><ColumnWidthPDF></ColumnWidthPDF><ShowInPDF>yes</ShowInPDF><ShowInHTML>no</ShowInHTML></Format></PageFooter><PageFooter><LineNumber>1</LineNumber><FooterText>{NOMORE}</FooterText><Format><ColumnStartPDF></ColumnStartPDF><justify>center</justify><ColumnWidthPDF></ColumnWidthPDF><ShowInPDF>yes</ShowInPDF><ShowInHTML>no</ShowInHTML></Format></PageFooter></PageFooters><DisplayOrders><DisplayOrder><ColumnName>id</ColumnName><OrderNumber>1</OrderNumber></DisplayOrder><DisplayOrder><ColumnName>company</ColumnName><OrderNumber>2</OrderNumber></DisplayOrder><DisplayOrder><ColumnName>title</ColumnName><OrderNumber>3</OrderNumber></DisplayOrder><DisplayOrder><ColumnName>contact</ColumnName><OrderNumber>4</OrderNumber></DisplayOrder><DisplayOrder><ColumnName>Address</ColumnName><OrderNumber>5</OrderNumber></DisplayOrder><DisplayOrder><ColumnName>City</ColumnName><OrderNumber>6</OrderNumber></DisplayOrder><DisplayOrder><ColumnName>Region</ColumnName><OrderNumber>7</OrderNumber></DisplayOrder><DisplayOrder><ColumnName>postal_code</ColumnName><OrderNumber>8</OrderNumber></DisplayOrder><DisplayOrder><ColumnName>country</ColumnName><OrderNumber>9</OrderNumber></DisplayOrder><DisplayOrder><ColumnName>full_address</ColumnName><OrderNumber>10</OrderNumber></DisplayOrder><DisplayOrder><ColumnName>order_id</ColumnName><OrderNumber>11</OrderNumber></DisplayOrder><DisplayOrder><ColumnName>order_date</ColumnName><OrderNumber>12</OrderNumber></DisplayOrder><DisplayOrder><ColumnName>price</ColumnName><OrderNumber>13</OrderNumber></DisplayOrder><DisplayOrder><ColumnName>quantity</ColumnName><OrderNumber>14</OrderNumber></DisplayOrder><DisplayOrder><ColumnName>discount</ColumnName><OrderNumber>15</OrderNumber></DisplayOrder><DisplayOrder><ColumnName>productname</ColumnName><OrderNumber>16</OrderNumber></DisplayOrder><DisplayOrder><ColumnName>linevalue</ColumnName><OrderNumber>17</OrderNumber></DisplayOrder><DisplayOrder><ColumnName>linediscount</ColumnName><OrderNumber>18</OrderNumber></DisplayOrder><DisplayOrder><ColumnName>ordervalue</ColumnName><OrderNumber>19</OrderNumber></DisplayOrder></DisplayOrders><Groups><Group><GroupName>order_id</GroupName><BeforeGroupHeader>newpage</BeforeGroupHeader><AfterGroupHeader>blankline</AfterGroupHeader><BeforeGroupTrailer>blankline</BeforeGroupTrailer><AfterGroupTrailer>blankline</AfterGroupTrailer><GroupHeaders><GroupHeader><GroupHeaderColumn>id</GroupHeaderColumn><GroupHeaderCustom>Order Date.  {order_date}&lt;br&gt;Order No.   {id}{STYLE border-style:solid;border-width:1 1 1 1;padding:10px;margin:5mm 0 0 0mm; text-align: center;}</GroupHeaderCustom><ShowInHTML>yes</ShowInHTML><ShowInPDF>yes</ShowInPDF></GroupHeader></GroupHeaders><GroupTrailers><GroupTrailer><GroupTrailerDisplayColumn>linevalue</GroupTrailerDisplayColumn><GroupTrailerValueColumn>ordervalue</GroupTrailerValueColumn><GroupTrailerCustom></GroupTrailerCustom><ShowInHTML>yes</ShowInHTML><ShowInPDF>yes</ShowInPDF></GroupTrailer><GroupTrailer><GroupTrailerDisplayColumn>price</GroupTrailerDisplayColumn><GroupTrailerValueColumn>id</GroupTrailerValueColumn><GroupTrailerCustom>Thank you for your business . &lt;br&gt;&lt;br&gt;Your company &quot;{company}&quot; is eligible for a special offer of 20% all purchases you make before the end of the year.
{STYLE background-color:#eeffef;border-style:solid;border-width:1px 1px 1px 1px;border-color:#238721;padding:10px 30px 10px 30px;margin:10px 5px 0px 5px;}</GroupTrailerCustom><ShowInHTML>yes</ShowInHTML><ShowInPDF>yes</ShowInPDF></GroupTrailer></GroupTrailers></Group></Groups><Graphs></Graphs></Output></EntryForm></ReportQuery></Report>
