<?xml version="1.0"?><Report><ReportQuery><Format><ReportTitle>Stock Report</ReportTitle><ReportDescription>This is a report on our product stock levels. 
&lt;p&gt;
You can filter by country by using a multiple select list box
&lt;p&gt;
You can filter by category using the check boxes
&lt;p&gt;
You can filter by supplier by searching by a match string and selecting from the available choices
&lt;p&gt;
&lt;p&gt;
Note that low stock items are highlighted in red. To report only on low stock items click the &quot;Show Only Low Stock&quot; check box</ReportDescription><PageSize>.DEFAULT</PageSize><PageOrientation>.DEFAULT</PageOrientation><PageFreezeColumns></PageFreezeColumns><TopMargin>2cm</TopMargin><BottomMargin>2cm</BottomMargin><RightMargin></RightMargin><LeftMargin></LeftMargin><AutoPaginate>HTML+PDF</AutoPaginate><PdfZoomFactor></PdfZoomFactor><HtmlZoomFactor></HtmlZoomFactor><PageTitleDisplay>.DEFAULT</PageTitleDisplay><PageLayout>.DEFAULT</PageLayout><pdfFont></pdfFont><pdfFontSize></pdfFontSize><PreExecuteCode>NONE</PreExecuteCode><formBetweenRows>solidline</formBetweenRows><gridDisplay>.DEFAULT</gridDisplay><gridSortable>.DEFAULT</gridSortable><gridSearchable>.DEFAULT</gridSearchable><gridPageable>.DEFAULT</gridPageable><gridPageSize>.DEFAULT</gridPageSize></Format><Datasource><SourceType>database</SourceType><SourceConnection></SourceConnection></Datasource><EntryForm><Query><TableSql></TableSql><WhereSql></WhereSql><GroupSql></GroupSql><RowSelection>all</RowSelection><SQL><QuerySql></QuerySql><SQLRaw>SELECT  ProductID id, ProductName product, northwind_categories.CategoryID, UnitsInStock in_stock, UnitsOnOrder on_order, ReorderLevel,  companyname Company, country, categoryname category
FROM northwind_products 
join northwind_suppliers on northwind_products.supplierid = northwind_suppliers.supplierid
join northwind_categories on northwind_products.categoryid = northwind_categories.categoryid
WHERE 1 = 1  
[ AND ProductID in ({product_id}) ]
[ AND northwind_suppliers.SupplierID in ( {supplier} ) ] 
[ AND northwind_suppliers.country in ( {country} ) ] 
[ AND northwind_categories.categoryId in ( {category} ) ] 
[ AND {lowstock} = '1' and UnitsInStock &lt; reorderlevel ]
ORDER BY categoryname
</SQLRaw></SQL><QueryColumns><QueryColumn><Name>id</Name><TableName></TableName><ColumnName>ProductID</ColumnName><ColumnType>char</ColumnType><ColumnLength>30</ColumnLength><Format><column_display>show</column_display><content_type>plain</content_type><ColumnStartPDF></ColumnStartPDF><justify>left</justify><ColumnWidthPDF></ColumnWidthPDF><ColumnWidthHTML></ColumnWidthHTML><column_title></column_title><tooltip></tooltip><group_header_label>0</group_header_label><group_header_label_xpos></group_header_label_xpos><group_header_data_xpos></group_header_data_xpos><group_trailer_label>0</group_trailer_label></Format></QueryColumn><QueryColumn><Name>product</Name><TableName></TableName><ColumnName>ProductName</ColumnName><ColumnType>char</ColumnType><ColumnLength>30</ColumnLength><Format><column_display>show</column_display><content_type>plain</content_type><ColumnStartPDF></ColumnStartPDF><justify>left</justify><ColumnWidthPDF>5cm</ColumnWidthPDF><ColumnWidthHTML></ColumnWidthHTML><column_title></column_title><tooltip></tooltip><group_header_label>0</group_header_label><group_header_label_xpos></group_header_label_xpos><group_header_data_xpos></group_header_data_xpos><group_trailer_label>0</group_trailer_label></Format></QueryColumn><QueryColumn><Name>CategoryID</Name><TableName>northwind_categories</TableName><ColumnName>CategoryID</ColumnName><ColumnType>char</ColumnType><ColumnLength>30</ColumnLength><Format><column_display>hide</column_display><content_type>plain</content_type><ColumnStartPDF></ColumnStartPDF><justify>left</justify><ColumnWidthPDF></ColumnWidthPDF><ColumnWidthHTML></ColumnWidthHTML><column_title></column_title><tooltip></tooltip><group_header_label>0</group_header_label><group_header_label_xpos></group_header_label_xpos><group_header_data_xpos></group_header_data_xpos><group_trailer_label>0</group_trailer_label></Format></QueryColumn><QueryColumn><Name>in_stock</Name><TableName></TableName><ColumnName>UnitsInStock</ColumnName><ColumnType>char</ColumnType><ColumnLength>30</ColumnLength><Format><column_display>show</column_display><content_type>plain</content_type><ColumnStartPDF></ColumnStartPDF><justify>right</justify><ColumnWidthPDF></ColumnWidthPDF><ColumnWidthHTML></ColumnWidthHTML><column_title></column_title><tooltip></tooltip><group_header_label>0</group_header_label><group_header_label_xpos></group_header_label_xpos><group_header_data_xpos></group_header_data_xpos><group_trailer_label>0</group_trailer_label></Format></QueryColumn><QueryColumn><Name>on_order</Name><TableName></TableName><ColumnName>UnitsOnOrder</ColumnName><ColumnType>char</ColumnType><ColumnLength>30</ColumnLength><Format><column_display>show</column_display><content_type>plain</content_type><ColumnStartPDF></ColumnStartPDF><justify>right</justify><ColumnWidthPDF></ColumnWidthPDF><ColumnWidthHTML></ColumnWidthHTML><column_title></column_title><tooltip></tooltip><group_header_label>0</group_header_label><group_header_label_xpos></group_header_label_xpos><group_header_data_xpos></group_header_data_xpos><group_trailer_label>0</group_trailer_label></Format></QueryColumn><QueryColumn><Name>ReorderLevel</Name><TableName></TableName><ColumnName>ReorderLevel</ColumnName><ColumnType>char</ColumnType><ColumnLength>30</ColumnLength><Format><column_display>show</column_display><content_type>plain</content_type><ColumnStartPDF></ColumnStartPDF><justify>right</justify><ColumnWidthPDF></ColumnWidthPDF><ColumnWidthHTML></ColumnWidthHTML><column_title></column_title><tooltip></tooltip><group_header_label>0</group_header_label><group_header_label_xpos></group_header_label_xpos><group_header_data_xpos></group_header_data_xpos><group_trailer_label>0</group_trailer_label></Format></QueryColumn><QueryColumn><Name>Company</Name><TableName></TableName><ColumnName>companyname</ColumnName><ColumnType>char</ColumnType><ColumnLength>30</ColumnLength><Format><column_display>hide</column_display><content_type>plain</content_type><ColumnStartPDF></ColumnStartPDF><justify>left</justify><ColumnWidthPDF></ColumnWidthPDF><ColumnWidthHTML></ColumnWidthHTML><column_title></column_title><tooltip></tooltip><group_header_label>0</group_header_label><group_header_label_xpos></group_header_label_xpos><group_header_data_xpos></group_header_data_xpos><group_trailer_label>0</group_trailer_label></Format></QueryColumn><QueryColumn><Name>country</Name><TableName></TableName><ColumnName>country</ColumnName><ColumnType>char</ColumnType><ColumnLength>30</ColumnLength><Format><column_display>hide</column_display><content_type>plain</content_type><ColumnStartPDF></ColumnStartPDF><justify>left</justify><ColumnWidthPDF></ColumnWidthPDF><ColumnWidthHTML></ColumnWidthHTML><column_title></column_title><tooltip></tooltip><group_header_label>0</group_header_label><group_header_label_xpos></group_header_label_xpos><group_header_data_xpos></group_header_data_xpos><group_trailer_label>0</group_trailer_label></Format></QueryColumn><QueryColumn><Name>category</Name><TableName></TableName><ColumnName>categoryname</ColumnName><ColumnType>char</ColumnType><ColumnLength>30</ColumnLength><Format><column_display>hide</column_display><content_type>plain</content_type><ColumnStartPDF></ColumnStartPDF><justify>left</justify><ColumnWidthPDF></ColumnWidthPDF><ColumnWidthHTML></ColumnWidthHTML><column_title></column_title><tooltip></tooltip><group_header_label>0</group_header_label><group_header_label_xpos></group_header_label_xpos><group_header_data_xpos></group_header_data_xpos><group_trailer_label>0</group_trailer_label></Format></QueryColumn><QueryColumn><Name>in_stock_total</Name><TableName></TableName><ColumnName></ColumnName><ColumnType></ColumnType><ColumnLength></ColumnLength><Format><column_display>hide</column_display><content_type>plain</content_type><ColumnStartPDF></ColumnStartPDF><justify>left</justify><ColumnWidthPDF></ColumnWidthPDF><ColumnWidthHTML></ColumnWidthHTML><column_title></column_title><tooltip></tooltip><group_header_label>0</group_header_label><group_header_label_xpos></group_header_label_xpos><group_header_data_xpos></group_header_data_xpos><group_trailer_label>BLANK</group_trailer_label></Format></QueryColumn><QueryColumn><Name>on_order_total</Name><TableName></TableName><ColumnName></ColumnName><ColumnType></ColumnType><ColumnLength></ColumnLength><Format><column_display>hide</column_display><content_type>plain</content_type><ColumnStartPDF></ColumnStartPDF><justify>left</justify><ColumnWidthPDF></ColumnWidthPDF><ColumnWidthHTML></ColumnWidthHTML><column_title></column_title><tooltip></tooltip><group_header_label>0</group_header_label><group_header_label_xpos></group_header_label_xpos><group_header_data_xpos></group_header_data_xpos><group_trailer_label>BLANK</group_trailer_label></Format></QueryColumn><QueryColumn><Name>total</Name><TableName></TableName><ColumnName></ColumnName><ColumnType></ColumnType><ColumnLength></ColumnLength><Format><column_display>hide</column_display><content_type>plain</content_type><ColumnStartPDF></ColumnStartPDF><justify>left</justify><ColumnWidthPDF></ColumnWidthPDF><ColumnWidthHTML></ColumnWidthHTML><column_title>BLANK</column_title><tooltip></tooltip><group_header_label>0</group_header_label><group_header_label_xpos></group_header_label_xpos><group_header_data_xpos></group_header_data_xpos><group_trailer_label>0</group_trailer_label></Format></QueryColumn></QueryColumns><OrderColumns></OrderColumns><PreSQLS></PreSQLS></Query><Assignments><Assignment><AssignName>id</AssignName><AssignNameNew></AssignNameNew><Expression>applyStyle('PAGE', 'border-style', 'dotted');applyStyle('PAGE', 'border-width', '1px 1px 1px 1px');applyStyle('PAGE', 'border-color', '#000000');</Expression><Condition></Condition></Assignment><Assignment><AssignName>in_stock</AssignName><AssignNameNew></AssignNameNew><Expression>applyStyle('CELL', 'color', '#ff0000');</Expression><Condition>{in_stock} &lt; {ReorderLevel}</Condition></Assignment><Assignment><AssignName>in_stock_total</AssignName><AssignNameNew></AssignNameNew><Expression>sum({in_stock},{CategoryID})</Expression><Condition></Condition></Assignment><Assignment><AssignName>on_order_total</AssignName><AssignNameNew></AssignNameNew><Expression>sum({on_order},{CategoryID})</Expression><Condition></Condition></Assignment><Assignment><AssignName>total</AssignName><AssignNameNew></AssignNameNew><Expression>'Total'</Expression><Condition></Condition></Assignment><Assignment><AssignName>id</AssignName><AssignNameNew></AssignNameNew><Expression>applyStyle('GROUPTRAILER', 'font-weight', 'bold');</Expression><Condition></Condition></Assignment></Assignments><Criteria><CriteriaItem><Name>product_id</Name><Title>Product Id</Title><QueryTableName></QueryTableName><QueryColumnName></QueryColumnName><CriteriaType>TEXTFIELD</CriteriaType><CriteriaHelp>Enter one or more product id numbers separated by commas</CriteriaHelp><CriteriaDisplay>NOINPUT</CriteriaDisplay><ExpandDisplay>NOINPUT</ExpandDisplay><CriteriaRequired>.DEFAULT</CriteriaRequired><CriteriaHidden>.DEFAULT</CriteriaHidden><CriteriaDisplayGroup></CriteriaDisplayGroup><ReturnColumn></ReturnColumn><DisplayColumn></DisplayColumn><OverviewColumn></OverviewColumn><MatchColumn></MatchColumn><CriteriaDefaults></CriteriaDefaults><CriteriaList></CriteriaList><Query><TableSql></TableSql><WhereSql></WhereSql><GroupSql></GroupSql><RowSelection></RowSelection><SQLRaw></SQLRaw><SQL><QuerySql></QuerySql></SQL><QueryColumns></QueryColumns><OrderColumns></OrderColumns><Assignments></Assignments></Query><CriteriaLinks></CriteriaLinks></CriteriaItem><CriteriaItem><Name>country</Name><Title>Country</Title><QueryTableName></QueryTableName><QueryColumnName></QueryColumnName><CriteriaType>LOOKUP</CriteriaType><CriteriaHelp>Use the query button on the right of this criteria item to bring up a list countries to select from. Alternatively type some countries e.g. UK,France into the text box in order to filter on the required countries</CriteriaHelp><CriteriaDisplay>TEXTFIELD</CriteriaDisplay><ExpandDisplay>MULTI</ExpandDisplay><CriteriaRequired>.DEFAULT</CriteriaRequired><CriteriaHidden>.DEFAULT</CriteriaHidden><CriteriaDisplayGroup></CriteriaDisplayGroup><ReturnColumn>Country</ReturnColumn><DisplayColumn>Country</DisplayColumn><OverviewColumn>Country</OverviewColumn><MatchColumn>Country</MatchColumn><CriteriaDefaults></CriteriaDefaults><CriteriaList></CriteriaList><Query><TableSql></TableSql><WhereSql></WhereSql><GroupSql></GroupSql><RowSelection></RowSelection><SQLRaw>SELECT DISTINCT Country
FROM  northwind_suppliers
WHERE 1 = 1  </SQLRaw><SQL><QuerySql></QuerySql></SQL><QueryColumns><QueryColumn><Name>Country</Name><TableName></TableName><ColumnName>DISTINCT</ColumnName><ColumnType>char</ColumnType><ColumnLength>30</ColumnLength><Format><column_display>show</column_display><content_type>plain</content_type><justify>left</justify></Format></QueryColumn></QueryColumns><OrderColumns></OrderColumns><Assignments></Assignments></Query><CriteriaLinks></CriteriaLinks></CriteriaItem><CriteriaItem><Name>supplier</Name><Title>Supplier</Title><QueryTableName></QueryTableName><QueryColumnName></QueryColumnName><CriteriaType>LOOKUP</CriteriaType><CriteriaHelp>Start typing into the Supplier field. You will be presented with a list of  suppliers that match your query string.

Note that this is dynamically linked to the country criteria so that only suppliers from the selected countries are shown.</CriteriaHelp><CriteriaDisplay>SELECT2MULTIPLE</CriteriaDisplay><ExpandDisplay>NOINPUT</ExpandDisplay><CriteriaRequired>.DEFAULT</CriteriaRequired><CriteriaHidden>.DEFAULT</CriteriaHidden><CriteriaDisplayGroup></CriteriaDisplayGroup><ReturnColumn>supplierid</ReturnColumn><DisplayColumn>companyname</DisplayColumn><OverviewColumn>companyname</OverviewColumn><MatchColumn>companyname</MatchColumn><CriteriaDefaults></CriteriaDefaults><CriteriaList></CriteriaList><Query><TableSql></TableSql><WhereSql></WhereSql><GroupSql></GroupSql><RowSelection></RowSelection><SQLRaw>SELECT supplierid, companyname
FROM  northwind_suppliers
WHERE 1 = 1  
[ AND country in ( {country} ) ]</SQLRaw><SQL><QuerySql></QuerySql></SQL><QueryColumns><QueryColumn><Name>supplierid</Name><TableName></TableName><ColumnName>supplierid</ColumnName><ColumnType>char</ColumnType><ColumnLength>30</ColumnLength><Format><column_display>show</column_display><content_type>plain</content_type><justify>left</justify></Format></QueryColumn><QueryColumn><Name>companyname</Name><TableName></TableName><ColumnName>companyname</ColumnName><ColumnType>char</ColumnType><ColumnLength>30</ColumnLength><Format><column_display>show</column_display><content_type>plain</content_type><justify>left</justify></Format></QueryColumn></QueryColumns><OrderColumns></OrderColumns><Assignments></Assignments></Query><CriteriaLinks></CriteriaLinks></CriteriaItem><CriteriaItem><Name>category</Name><Title>Category</Title><QueryTableName></QueryTableName><QueryColumnName></QueryColumnName><CriteriaType>LOOKUP</CriteriaType><CriteriaHelp>Use the checkboxes to filter by product category</CriteriaHelp><CriteriaDisplay>CHECKBOX</CriteriaDisplay><ExpandDisplay>NOINPUT</ExpandDisplay><CriteriaRequired>.DEFAULT</CriteriaRequired><CriteriaHidden>.DEFAULT</CriteriaHidden><CriteriaDisplayGroup></CriteriaDisplayGroup><ReturnColumn>CategoryID</ReturnColumn><DisplayColumn>CategoryName</DisplayColumn><OverviewColumn>CategoryName</OverviewColumn><MatchColumn>CategoryName</MatchColumn><CriteriaDefaults></CriteriaDefaults><CriteriaList></CriteriaList><Query><TableSql></TableSql><WhereSql></WhereSql><GroupSql></GroupSql><RowSelection></RowSelection><SQLRaw>SELECT CategoryID, CategoryName, Description
FROM northwind_categories
WHERE 1 = 1  
ORDER BY CategoryName</SQLRaw><SQL><QuerySql></QuerySql></SQL><QueryColumns><QueryColumn><Name>CategoryID</Name><TableName></TableName><ColumnName>CategoryID</ColumnName><ColumnType>char</ColumnType><ColumnLength>30</ColumnLength><Format><column_display>show</column_display><content_type>plain</content_type><justify>left</justify></Format></QueryColumn><QueryColumn><Name>CategoryName</Name><TableName></TableName><ColumnName>CategoryName</ColumnName><ColumnType>char</ColumnType><ColumnLength>30</ColumnLength><Format><column_display>show</column_display><content_type>plain</content_type><justify>left</justify></Format></QueryColumn><QueryColumn><Name>Description</Name><TableName></TableName><ColumnName>Description</ColumnName><ColumnType>char</ColumnType><ColumnLength>30</ColumnLength><Format><column_display>show</column_display><content_type>plain</content_type><justify>left</justify></Format></QueryColumn></QueryColumns><OrderColumns></OrderColumns><Assignments></Assignments></Query><CriteriaLinks></CriteriaLinks></CriteriaItem><CriteriaItem><Name>lowstock</Name><Title>Show Only Low Stock</Title><QueryTableName></QueryTableName><QueryColumnName></QueryColumnName><CriteriaType>LIST</CriteriaType><CriteriaHelp>Check the check box to only report on low stock. This is an exaple of a Custom list criteria.</CriteriaHelp><CriteriaDisplay>CHECKBOX</CriteriaDisplay><ExpandDisplay>NOINPUT</ExpandDisplay><CriteriaRequired>.DEFAULT</CriteriaRequired><CriteriaHidden>.DEFAULT</CriteriaHidden><CriteriaDisplayGroup></CriteriaDisplayGroup><ReturnColumn></ReturnColumn><DisplayColumn></DisplayColumn><OverviewColumn></OverviewColumn><MatchColumn></MatchColumn><CriteriaDefaults></CriteriaDefaults><CriteriaList>Yes=1</CriteriaList><Query><TableSql></TableSql><WhereSql></WhereSql><GroupSql></GroupSql><RowSelection></RowSelection><SQLRaw></SQLRaw><SQL><QuerySql></QuerySql></SQL><QueryColumns></QueryColumns><OrderColumns></OrderColumns><Assignments></Assignments></Query><CriteriaLinks></CriteriaLinks></CriteriaItem></Criteria><Output><PageHeaders></PageHeaders><PageFooters></PageFooters><DisplayOrders><DisplayOrder><ColumnName>id</ColumnName><OrderNumber>1</OrderNumber></DisplayOrder><DisplayOrder><ColumnName>CategoryID</ColumnName><OrderNumber>2</OrderNumber></DisplayOrder><DisplayOrder><ColumnName>product</ColumnName><OrderNumber>3</OrderNumber></DisplayOrder><DisplayOrder><ColumnName>country</ColumnName><OrderNumber>4</OrderNumber></DisplayOrder><DisplayOrder><ColumnName>in_stock</ColumnName><OrderNumber>5</OrderNumber></DisplayOrder><DisplayOrder><ColumnName>ReorderLevel</ColumnName><OrderNumber>6</OrderNumber></DisplayOrder><DisplayOrder><ColumnName>on_order</ColumnName><OrderNumber>7</OrderNumber></DisplayOrder><DisplayOrder><ColumnName>Company</ColumnName><OrderNumber>8</OrderNumber></DisplayOrder><DisplayOrder><ColumnName>category</ColumnName><OrderNumber>9</OrderNumber></DisplayOrder><DisplayOrder><ColumnName>in_stock_total</ColumnName><OrderNumber>10</OrderNumber></DisplayOrder><DisplayOrder><ColumnName>on_order_total</ColumnName><OrderNumber>11</OrderNumber></DisplayOrder><DisplayOrder><ColumnName>total</ColumnName><OrderNumber>12</OrderNumber></DisplayOrder></DisplayOrders><Groups><Group><GroupName>category</GroupName><BeforeGroupHeader>blankline</BeforeGroupHeader><AfterGroupHeader>blankline</AfterGroupHeader><BeforeGroupTrailer>blankline</BeforeGroupTrailer><AfterGroupTrailer>blankline</AfterGroupTrailer><GroupHeaders><GroupHeader><GroupHeaderColumn>category</GroupHeaderColumn><GroupHeaderCustom></GroupHeaderCustom><ShowInHTML>yes</ShowInHTML><ShowInPDF>yes</ShowInPDF></GroupHeader></GroupHeaders><GroupTrailers><GroupTrailer><GroupTrailerDisplayColumn>in_stock</GroupTrailerDisplayColumn><GroupTrailerValueColumn>in_stock_total</GroupTrailerValueColumn><GroupTrailerCustom></GroupTrailerCustom><ShowInHTML>yes</ShowInHTML><ShowInPDF>yes</ShowInPDF></GroupTrailer><GroupTrailer><GroupTrailerDisplayColumn>on_order</GroupTrailerDisplayColumn><GroupTrailerValueColumn>on_order_total</GroupTrailerValueColumn><GroupTrailerCustom></GroupTrailerCustom><ShowInHTML>yes</ShowInHTML><ShowInPDF>yes</ShowInPDF></GroupTrailer><GroupTrailer><GroupTrailerDisplayColumn>product</GroupTrailerDisplayColumn><GroupTrailerValueColumn>total</GroupTrailerValueColumn><GroupTrailerCustom></GroupTrailerCustom><ShowInHTML>yes</ShowInHTML><ShowInPDF>yes</ShowInPDF></GroupTrailer></GroupTrailers></Group></Groups><Graphs><Graph><GraphColumn>category</GraphColumn><GraphColor>.DEFAULT</GraphColor><Title>Stock Report</Title><GraphWidth>.DEFAULT</GraphWidth><GraphHeight>.DEFAULT</GraphHeight><GraphWidthPDF>600</GraphWidthPDF><GraphHeightPDF>.DEFAULT</GraphHeightPDF><XTitle>Product</XTitle><YTitle>Stock Level</YTitle><GridPosition>.DEFAULT</GridPosition><XGridDisplay>.DEFAULT</XGridDisplay><XGridColor>.DEFAULT</XGridColor><YGridDisplay>.DEFAULT</YGridDisplay><YGridColor>.DEFAULT</YGridColor><XLabelColumn>product</XLabelColumn><TitleFont>.DEFAULT</TitleFont><TitleFontStyle>.DEFAULT</TitleFontStyle><TitleFontSize>.DEFAULT</TitleFontSize><TitleColor>.DEFAULT</TitleColor><XTitleFont>.DEFAULT</XTitleFont><XTitleFontStyle>.DEFAULT</XTitleFontStyle><XTitleFontSize>.DEFAULT</XTitleFontSize><XTitleColor>.DEFAULT</XTitleColor><YTitleFont>.DEFAULT</YTitleFont><YTitleFontStyle>.DEFAULT</YTitleFontStyle><YTitleFontSize>.DEFAULT</YTitleFontSize><YTitleColor>.DEFAULT</YTitleColor><XAxisColor>.DEFAULT</XAxisColor><XAxisFont>.DEFAULT</XAxisFont><XAxisFontStyle>.DEFAULT</XAxisFontStyle><XAxisFontSize>.DEFAULT</XAxisFontSize><XAxisFontColor>.DEFAULT</XAxisFontColor><YAxisColor>.DEFAULT</YAxisColor><YAxisFont>.DEFAULT</YAxisFont><YAxisFontStyle>.DEFAULT</YAxisFontStyle><YAxisFontSize>.DEFAULT</YAxisFontSize><YAxisFontColor>.DEFAULT</YAxisFontColor><XTickInterval>.DEFAULT</XTickInterval><YTickInterval>.DEFAULT</YTickInterval><XTickLabelInterval>.DEFAULT</XTickLabelInterval><YTickLabelInterval>.DEFAULT</YTickLabelInterval><MarginColor>.DEFAULT</MarginColor><MarginLeft>.DEFAULT</MarginLeft><MarginRight>.DEFAULT</MarginRight><MarginTop>.DEFAULT</MarginTop><MarginBottom>100</MarginBottom><Plots><Plot><PlotColumn>in_stock</PlotColumn><PlotType>BAR</PlotType><LineColor></LineColor><DataType>number</DataType><Legend>In Stock</Legend><FillColor></FillColor></Plot><Plot><PlotColumn>ReorderLevel</PlotColumn><PlotType>LINE</PlotType><LineColor></LineColor><DataType>number</DataType><Legend>Reorder Level</Legend><FillColor></FillColor></Plot></Plots></Graph></Graphs></Output></EntryForm></ReportQuery></Report>