<?xml version="1.0"?><Report><ReportQuery><Format><ReportTitle>Suppliers</ReportTitle><ReportDescription>This report shows a simple list of suppliers. &lt;p&gt;
This report is interesting because it presents the data in a searchable sortable grid form that is available in the Format menu.</ReportDescription><PageSize>.DEFAULT</PageSize><PageOrientation>.DEFAULT</PageOrientation><TopMargin></TopMargin><BottomMargin></BottomMargin><RightMargin></RightMargin><LeftMargin></LeftMargin><AutoPaginate>.DEFAULT</AutoPaginate><PdfZoomFactor></PdfZoomFactor><HtmlZoomFactor></HtmlZoomFactor><PageTitleDisplay>.DEFAULT</PageTitleDisplay><PageLayout>.DEFAULT</PageLayout><pdfFont></pdfFont><pdfFontSize></pdfFontSize><PreExecuteCode>NONE</PreExecuteCode><formBetweenRows>solidline</formBetweenRows><gridDisplay>hide</gridDisplay><gridSortable>yes</gridSortable><gridSearchable>yes</gridSearchable><gridPageable>no</gridPageable><gridPageSize>.DEFAULT</gridPageSize></Format><Datasource><SourceType>database</SourceType><SourceConnection></SourceConnection></Datasource><EntryForm><Query><TableSql></TableSql><WhereSql></WhereSql><GroupSql></GroupSql><RowSelection>all</RowSelection><SQL><QuerySql></QuerySql><SQLRaw>SELECT supplierid, companyname,supplierid s1, companyname c1,
supplierid s2, companyname c2,
supplierid s3, companyname c3,
supplierid s4, companyname c4,
supplierid s5, companyname c5,
supplierid s6, companyname c6,
supplierid s7, companyname c7,
supplierid s8, companyname c8
FROM  northwind_suppliers
WHERE 1 = 1  </SQLRaw></SQL><QueryColumns><QueryColumn><Name>supplierid</Name><TableName></TableName><ColumnName>supplierid</ColumnName><ColumnType>char</ColumnType><ColumnLength>30</ColumnLength><Format><column_display>show</column_display><content_type>plain</content_type><ColumnStartPDF></ColumnStartPDF><justify>left</justify><ColumnWidthPDF></ColumnWidthPDF><ColumnWidthHTML></ColumnWidthHTML><column_title></column_title><tooltip></tooltip><group_header_label>0</group_header_label><group_header_label_xpos></group_header_label_xpos><group_header_data_xpos></group_header_data_xpos><group_trailer_label>0</group_trailer_label></Format></QueryColumn><QueryColumn><Name>companyname</Name><TableName></TableName><ColumnName>companyname</ColumnName><ColumnType>char</ColumnType><ColumnLength>30</ColumnLength><Format><column_display>show</column_display><content_type>plain</content_type><ColumnStartPDF></ColumnStartPDF><justify>left</justify><ColumnWidthPDF></ColumnWidthPDF><ColumnWidthHTML></ColumnWidthHTML><column_title></column_title><tooltip></tooltip><group_header_label>0</group_header_label><group_header_label_xpos></group_header_label_xpos><group_header_data_xpos></group_header_data_xpos><group_trailer_label>0</group_trailer_label></Format></QueryColumn><QueryColumn><Name>s1</Name><TableName></TableName><ColumnName>supplierid</ColumnName><ColumnType>char</ColumnType><ColumnLength>30</ColumnLength><Format><column_display>show</column_display><content_type>plain</content_type><ColumnStartPDF></ColumnStartPDF><justify>left</justify><ColumnWidthPDF></ColumnWidthPDF><ColumnWidthHTML></ColumnWidthHTML><column_title></column_title><tooltip></tooltip><group_header_label>0</group_header_label><group_header_label_xpos></group_header_label_xpos><group_header_data_xpos></group_header_data_xpos><group_trailer_label>0</group_trailer_label></Format></QueryColumn><QueryColumn><Name>c1</Name><TableName></TableName><ColumnName>companyname</ColumnName><ColumnType>char</ColumnType><ColumnLength>30</ColumnLength><Format><column_display>show</column_display><content_type>plain</content_type><ColumnStartPDF></ColumnStartPDF><justify>left</justify><ColumnWidthPDF></ColumnWidthPDF><ColumnWidthHTML></ColumnWidthHTML><column_title></column_title><tooltip></tooltip><group_header_label>0</group_header_label><group_header_label_xpos></group_header_label_xpos><group_header_data_xpos></group_header_data_xpos><group_trailer_label>0</group_trailer_label></Format></QueryColumn><QueryColumn><Name>s2</Name><TableName></TableName><ColumnName>supplierid</ColumnName><ColumnType>char</ColumnType><ColumnLength>30</ColumnLength><Format><column_display>show</column_display><content_type>plain</content_type><ColumnStartPDF></ColumnStartPDF><justify>left</justify><ColumnWidthPDF></ColumnWidthPDF><ColumnWidthHTML></ColumnWidthHTML><column_title></column_title><tooltip></tooltip><group_header_label>0</group_header_label><group_header_label_xpos></group_header_label_xpos><group_header_data_xpos></group_header_data_xpos><group_trailer_label>0</group_trailer_label></Format></QueryColumn><QueryColumn><Name>c2</Name><TableName></TableName><ColumnName>companyname</ColumnName><ColumnType>char</ColumnType><ColumnLength>30</ColumnLength><Format><column_display>show</column_display><content_type>plain</content_type><ColumnStartPDF></ColumnStartPDF><justify>left</justify><ColumnWidthPDF></ColumnWidthPDF><ColumnWidthHTML></ColumnWidthHTML><column_title></column_title><tooltip></tooltip><group_header_label>0</group_header_label><group_header_label_xpos></group_header_label_xpos><group_header_data_xpos></group_header_data_xpos><group_trailer_label>0</group_trailer_label></Format></QueryColumn><QueryColumn><Name>s3</Name><TableName></TableName><ColumnName>supplierid</ColumnName><ColumnType>char</ColumnType><ColumnLength>30</ColumnLength><Format><column_display>show</column_display><content_type>plain</content_type><ColumnStartPDF></ColumnStartPDF><justify>left</justify><ColumnWidthPDF></ColumnWidthPDF><ColumnWidthHTML></ColumnWidthHTML><column_title></column_title><tooltip></tooltip><group_header_label>0</group_header_label><group_header_label_xpos></group_header_label_xpos><group_header_data_xpos></group_header_data_xpos><group_trailer_label>0</group_trailer_label></Format></QueryColumn><QueryColumn><Name>c3</Name><TableName></TableName><ColumnName>companyname</ColumnName><ColumnType>char</ColumnType><ColumnLength>30</ColumnLength><Format><column_display>show</column_display><content_type>plain</content_type><ColumnStartPDF></ColumnStartPDF><justify>left</justify><ColumnWidthPDF></ColumnWidthPDF><ColumnWidthHTML></ColumnWidthHTML><column_title></column_title><tooltip></tooltip><group_header_label>0</group_header_label><group_header_label_xpos></group_header_label_xpos><group_header_data_xpos></group_header_data_xpos><group_trailer_label>0</group_trailer_label></Format></QueryColumn><QueryColumn><Name>s4</Name><TableName></TableName><ColumnName>supplierid</ColumnName><ColumnType>char</ColumnType><ColumnLength>30</ColumnLength><Format><column_display>show</column_display><content_type>plain</content_type><ColumnStartPDF></ColumnStartPDF><justify>left</justify><ColumnWidthPDF></ColumnWidthPDF><ColumnWidthHTML></ColumnWidthHTML><column_title></column_title><tooltip></tooltip><group_header_label>0</group_header_label><group_header_label_xpos></group_header_label_xpos><group_header_data_xpos></group_header_data_xpos><group_trailer_label>0</group_trailer_label></Format></QueryColumn><QueryColumn><Name>c4</Name><TableName></TableName><ColumnName>companyname</ColumnName><ColumnType>char</ColumnType><ColumnLength>30</ColumnLength><Format><column_display>show</column_display><content_type>plain</content_type><ColumnStartPDF></ColumnStartPDF><justify>left</justify><ColumnWidthPDF></ColumnWidthPDF><ColumnWidthHTML></ColumnWidthHTML><column_title></column_title><tooltip></tooltip><group_header_label>0</group_header_label><group_header_label_xpos></group_header_label_xpos><group_header_data_xpos></group_header_data_xpos><group_trailer_label>0</group_trailer_label></Format></QueryColumn><QueryColumn><Name>s5</Name><TableName></TableName><ColumnName>supplierid</ColumnName><ColumnType>char</ColumnType><ColumnLength>30</ColumnLength><Format><column_display>show</column_display><content_type>plain</content_type><ColumnStartPDF></ColumnStartPDF><justify>left</justify><ColumnWidthPDF></ColumnWidthPDF><ColumnWidthHTML></ColumnWidthHTML><column_title></column_title><tooltip></tooltip><group_header_label>0</group_header_label><group_header_label_xpos></group_header_label_xpos><group_header_data_xpos></group_header_data_xpos><group_trailer_label>0</group_trailer_label></Format></QueryColumn><QueryColumn><Name>c5</Name><TableName></TableName><ColumnName>companyname</ColumnName><ColumnType>char</ColumnType><ColumnLength>30</ColumnLength><Format><column_display>show</column_display><content_type>plain</content_type><ColumnStartPDF></ColumnStartPDF><justify>left</justify><ColumnWidthPDF></ColumnWidthPDF><ColumnWidthHTML></ColumnWidthHTML><column_title></column_title><tooltip></tooltip><group_header_label>0</group_header_label><group_header_label_xpos></group_header_label_xpos><group_header_data_xpos></group_header_data_xpos><group_trailer_label>0</group_trailer_label></Format></QueryColumn><QueryColumn><Name>s6</Name><TableName></TableName><ColumnName>supplierid</ColumnName><ColumnType>char</ColumnType><ColumnLength>30</ColumnLength><Format><column_display>show</column_display><content_type>plain</content_type><ColumnStartPDF></ColumnStartPDF><justify>left</justify><ColumnWidthPDF></ColumnWidthPDF><ColumnWidthHTML></ColumnWidthHTML><column_title></column_title><tooltip></tooltip><group_header_label>0</group_header_label><group_header_label_xpos></group_header_label_xpos><group_header_data_xpos></group_header_data_xpos><group_trailer_label>0</group_trailer_label></Format></QueryColumn><QueryColumn><Name>c6</Name><TableName></TableName><ColumnName>companyname</ColumnName><ColumnType>char</ColumnType><ColumnLength>30</ColumnLength><Format><column_display>show</column_display><content_type>plain</content_type><ColumnStartPDF></ColumnStartPDF><justify>left</justify><ColumnWidthPDF></ColumnWidthPDF><ColumnWidthHTML></ColumnWidthHTML><column_title></column_title><tooltip></tooltip><group_header_label>0</group_header_label><group_header_label_xpos></group_header_label_xpos><group_header_data_xpos></group_header_data_xpos><group_trailer_label>0</group_trailer_label></Format></QueryColumn><QueryColumn><Name>s7</Name><TableName></TableName><ColumnName>supplierid</ColumnName><ColumnType>char</ColumnType><ColumnLength>30</ColumnLength><Format><column_display>show</column_display><content_type>plain</content_type><ColumnStartPDF></ColumnStartPDF><justify>left</justify><ColumnWidthPDF></ColumnWidthPDF><ColumnWidthHTML></ColumnWidthHTML><column_title></column_title><tooltip></tooltip><group_header_label>0</group_header_label><group_header_label_xpos></group_header_label_xpos><group_header_data_xpos></group_header_data_xpos><group_trailer_label>0</group_trailer_label></Format></QueryColumn><QueryColumn><Name>c7</Name><TableName></TableName><ColumnName>companyname</ColumnName><ColumnType>char</ColumnType><ColumnLength>30</ColumnLength><Format><column_display>show</column_display><content_type>plain</content_type><ColumnStartPDF></ColumnStartPDF><justify>left</justify><ColumnWidthPDF></ColumnWidthPDF><ColumnWidthHTML></ColumnWidthHTML><column_title></column_title><tooltip></tooltip><group_header_label>0</group_header_label><group_header_label_xpos></group_header_label_xpos><group_header_data_xpos></group_header_data_xpos><group_trailer_label>0</group_trailer_label></Format></QueryColumn><QueryColumn><Name>s8</Name><TableName></TableName><ColumnName>supplierid</ColumnName><ColumnType>char</ColumnType><ColumnLength>30</ColumnLength><Format><column_display>show</column_display><content_type>plain</content_type><ColumnStartPDF></ColumnStartPDF><justify>left</justify><ColumnWidthPDF></ColumnWidthPDF><ColumnWidthHTML></ColumnWidthHTML><column_title></column_title><tooltip></tooltip><group_header_label>0</group_header_label><group_header_label_xpos></group_header_label_xpos><group_header_data_xpos></group_header_data_xpos><group_trailer_label>0</group_trailer_label></Format></QueryColumn><QueryColumn><Name>c8</Name><TableName></TableName><ColumnName>companyname</ColumnName><ColumnType>char</ColumnType><ColumnLength>30</ColumnLength><Format><column_display>show</column_display><content_type>plain</content_type><ColumnStartPDF></ColumnStartPDF><justify>left</justify><ColumnWidthPDF></ColumnWidthPDF><ColumnWidthHTML></ColumnWidthHTML><column_title></column_title><tooltip></tooltip><group_header_label>0</group_header_label><group_header_label_xpos></group_header_label_xpos><group_header_data_xpos></group_header_data_xpos><group_trailer_label>0</group_trailer_label></Format></QueryColumn></QueryColumns><OrderColumns></OrderColumns><PreSQLS></PreSQLS></Query><Assignments></Assignments><Criteria></Criteria><Output><PageHeaders></PageHeaders><PageFooters></PageFooters><DisplayOrders><DisplayOrder><ColumnName>supplierid</ColumnName><OrderNumber>1</OrderNumber></DisplayOrder><DisplayOrder><ColumnName>companyname</ColumnName><OrderNumber>2</OrderNumber></DisplayOrder><DisplayOrder><ColumnName>s1</ColumnName><OrderNumber>3</OrderNumber></DisplayOrder><DisplayOrder><ColumnName>c1</ColumnName><OrderNumber>4</OrderNumber></DisplayOrder><DisplayOrder><ColumnName>s2</ColumnName><OrderNumber>5</OrderNumber></DisplayOrder><DisplayOrder><ColumnName>c2</ColumnName><OrderNumber>6</OrderNumber></DisplayOrder><DisplayOrder><ColumnName>s3</ColumnName><OrderNumber>7</OrderNumber></DisplayOrder><DisplayOrder><ColumnName>c3</ColumnName><OrderNumber>8</OrderNumber></DisplayOrder><DisplayOrder><ColumnName>s4</ColumnName><OrderNumber>9</OrderNumber></DisplayOrder><DisplayOrder><ColumnName>c4</ColumnName><OrderNumber>10</OrderNumber></DisplayOrder><DisplayOrder><ColumnName>s5</ColumnName><OrderNumber>11</OrderNumber></DisplayOrder><DisplayOrder><ColumnName>c5</ColumnName><OrderNumber>12</OrderNumber></DisplayOrder><DisplayOrder><ColumnName>s6</ColumnName><OrderNumber>13</OrderNumber></DisplayOrder><DisplayOrder><ColumnName>c6</ColumnName><OrderNumber>14</OrderNumber></DisplayOrder><DisplayOrder><ColumnName>s7</ColumnName><OrderNumber>15</OrderNumber></DisplayOrder><DisplayOrder><ColumnName>c7</ColumnName><OrderNumber>16</OrderNumber></DisplayOrder><DisplayOrder><ColumnName>s8</ColumnName><OrderNumber>17</OrderNumber></DisplayOrder><DisplayOrder><ColumnName>c8</ColumnName><OrderNumber>18</OrderNumber></DisplayOrder></DisplayOrders><Groups></Groups><Graphs></Graphs></Output></EntryForm></ReportQuery></Report>